CREATE DATABASE ToysGroup;
USE ToysGroup;

CREATE TABLE Category (
	CategoryId int primary key,
    CategoryName varchar(100)
);

CREATE TABLE Product (
	ProductId int primary key,
	UnitPrice decimal(4,2),
    ProductName varchar(50),
    CategoryId int,
    FOREIGN KEY (CategoryId) REFERENCES Category (CategoryId) on delete set null
);

CREATE TABLE Region (
	RegionId int primary key,
    RegionName varchar(50)
);

CREATE TABLE Sale (
	SaleId int primary key,
    OrderDate datetime,
    OrderQuantity int,
    RegionId int,
    ProductId int,
    FOREIGN KEY (RegionId) REFERENCES Region(RegionId) on delete cascade,
    FOREIGN KEY (ProductId) REFERENCES Product(ProductId) on delete cascade
);

-- Popolamento della tabella Category
INSERT INTO Category (CategoryId, CategoryName) VALUES 
(1, 'Action Figures'),
(2, 'Dolls'),
(3, 'Board Games'),
(4, 'Puzzles'),
(5, 'Stuffed Animals'),
(6, 'Educational Toys'),
(7, 'Remote Control Toys'),
(8, 'Outdoor Toys'),
(9, 'Arts and Crafts'),
(10, 'Musical Toys');

-- Popolamento della tabella Product
INSERT INTO Product (ProductId, UnitPrice, ProductName, CategoryId) VALUES 
(1, 15.25, 'Superhero Action Figure', 1),
(2, 20.30, 'Fashion Doll', 2),
(3, 30.40, 'Chess Set', 3),
(4, 25.10, 'Jigsaw Puzzle', 4),
(5, 10.50, 'Teddy Bear', 5),
(6, 18.00, 'Building Blocks', 6),
(7, 22.00, 'Remote Control Car', 7),
(8, 35.50, 'Soccer Ball', 8),
(9, 28.25, 'Doctor Dress-Up Set', 9),
(10, 14.50, 'Mini Piano', 10),
(11, 10.00, 'Action Man', 1),
(12, 11.50, 'Barbie', 2),
(13, 12.00, 'Checkers', 3),
(14, 14.25, 'Puzzle 1000 Pieces', 4),
(15, 10.75, 'Mini Guitar', 10),
(16, 9.99, 'Action Figure Adventure', '1'),
(17, 12.49, 'Dancing Doll Darling', '2'),
(18, 8.79, 'Brainy Board Game Bonanza', '3'),
(19, 11.29, 'Puzzle Party Extravaganza', '4'),
(20, 7.99, 'Snuggly Stuffed Animal Squad', '5'),
(21, 10.99, 'Enlightening Educational Explorer', '6'),
(22, 6.49, 'Remote Control Racing Rascal', '7'),
(23, 13.99, 'Outdoor Fun Fiesta', '8'),
(24, 10.79, 'Artsy Arts and Crafts Craze', '9'),
(25, 14.29, 'Musical Melodies Maestro', '10'),
(26, 9.99, 'Mighty Warrior Action Figure', '1'),
(27, 12.49, 'Fashionable Doll Diva', '2'),
(28, 8.79, 'Strategic Strategy Board Game', '3'),
(29, 11.29, 'Mind-Bending Puzzle Masterpiece', '4'),
(30, 7.99, 'Cuddly Creature Collection', '5'),
(31, 10.99, 'Scientific Discovery Set', '6'),
(32, 6.49, 'High-Speed Remote Control Car', '7'),
(33, 13.99, 'Adventure Camping Kit', '8'),
(34, 10.79, 'Crafty Creations Kit', '9'),
(35, 14.29, 'Harmonious Musical Instrument Set', '10'),
(36, 9.99, 'Galactic Space Adventure Action Figure', '1'),
(37, 12.49, 'Glamorous Fashion Doll', '2'),
(38, 8.79, 'Legendary Quest Board Game', '3'),
(39, 11.29, 'Artistic Masterpiece Puzzle', '4'),
(40, 7.99, 'Furry Friends Family', '5'),
(41, 10.99, 'Mathematics Marvels Kit', '6'),
(42, 6.49, 'Off-Road Monster Truck', '7'),
(43, 13.99, 'Nature Explorer Kit', '8'),
(44, 10.79, 'Creative Coloring Collection', '9'),
(45, 14.29, 'Symphonic Music Ensemble', '10'),
(46, 9.99, 'Superhero Action Figure Set', '1'),
(47, 12.49, 'Fairy Tale Doll Set', '2'),
(48, 8.79, 'Strategic Chess Set', '3'),
(49, 11.29, '3D Puzzle Challenge', '4'),
(50, 7.99, 'Jungle Safari Plush Collection', '5'),
(51, 10.99, 'Chemistry Lab Kit', '6'),
(52, 6.49, 'Aerial Drone', '7'),
(53, 13.99, 'Camping Essentials Set', '8'),
(54, 10.79, 'Origami Art Kit', '9'),
(55, 14.29, 'Rock Band Starter Pack', '10'),
(56, 9.99, 'Ninja Warrior Action Figure', '1'),
(57, 12.49, 'Mermaid Doll Princess', '2'),
(58, 8.79, 'Trivia Pursuit Board Game', '3'),
(59, 11.29, 'Landscape Puzzle Challenge', '4'),
(60, 7.99, 'Wildlife Explorer Kit', '5'),
(61, 10.99, 'Robotics Engineering Set', '6'),
(62, 6.49, 'Speedboat', '7'),
(63, 13.99, 'Beach Fun Kit', '8'),
(64, 10.79, 'Sculpture Kit', '9'),
(65, 14.29, 'String Quartet Instrument Set', '10'),
(66, 11.99, 'Pink Flute', 10),
(67, 19.99, 'Action Hero Action Figure', 1),
(68, 14.99, 'Classic Doll Set', 2),
(69, 29.99, 'Strategic Board Game', 3),
(70, 9.99, 'Challenging Jigsaw Puzzle', 4),
(71, 12.99, 'Cute Plush Animal', 5),
(72, 24.99, 'Interactive Learning Kit', 6),
(73, 49.99, 'RC Stunt Car', 7),
(74, 39.99, 'Childrens Outdoor Swing Set', 8),
(75, 8.99, 'Artistic Craft Kit', 9),
(76, 34.99, 'Musical Guitar', 10),
(77, 15.99, 'Ninja Action Figure', 1),
(78, 19.99, 'Fashion Doll Ensemble', 2),
(79, 39.99, 'Adventure Board Game', 3),
(80, 6.99, 'Kids Maze Puzzle', 4),
(81, 10.99, 'Soft Plush Toy', 5),
(82, 29.99, 'STEM Learning Kit', 6),
(83, 59.99, 'RC Quadcopter', 7),
(84, 49.99, 'Outdoor Playhouse', 8),
(85, 7.99, 'Colorful Craft Set', 9),
(86, 39.99, 'Electronic Keyboard', 10);

-- Popolamento della tabella Region
INSERT INTO Region (RegionId, RegionName) VALUES 
(1, 'North America'),
(2, 'Europe'),
(3, 'Asia'),
(4, 'South America'),
(5, 'Australia'),
(6, 'Africa'),
(7, 'Middle East'),
(8, 'Central America'),
(9, 'Caribbean'),
(10, 'Oceania');


-- Popolamento della tabella Sale
INSERT INTO Sale (SaleId, OrderDate, OrderQuantity, RegionId, ProductId) VALUES
(1,	'2023-07-03 14:07',	8,	3,	62),
(2,	'2022-03-25 15:58',	9,	5,	50),
(3,	'2022-11-16 15:04',	5,	9,	5),
(4,	'2023-08-20 10:02',	10,	4,	10),
(5,	'2023-05-24 15:25',	2,	4,	31),
(6,	'2022-07-28 20:30',	10,	4,	61),
(7,	'2023-02-24 18:21',	5,	2,	29),
(8,	'2023-08-31 09:40',	3,	1,	54),
(9,	'2023-10-26 13:28',	7,	7,	27),
(10,	'2022-04-03 07:18',	6,	8,	5),
(11,	'2022-05-27 16:47',	10,	6,	61),
(12,	'2024-01-26 19:12',	7,	8,	39),
(13,	'2023-10-12 04:32',	2,	3,	50),
(14,	'2022-01-21 20:08',	2,	4,	12),
(15,	'2024-01-08 23:10',	10,	3,	22),
(16,	'2024-01-19 14:11',	2,	4,	26),
(17,	'2023-09-10 14:45',	10,	7,	32),
(18,	'2022-09-24 04:55',	1,	7,	9),
(19,	'2023-05-04 14:11',	2,	2,	31),
(20,	'2023-10-17 13:30',	8,	4,	41),
(21,	'2024-03-05 22:50',	4,	3,	2),
(22,	'2023-01-16 06:54',	8,	1,	11),
(23,	'2023-03-28 06:37',	4,	9,	29),
(24,	'2023-01-24 01:53',	3,	7,	18),
(25,	'2023-02-14 16:01',	1,	1,	5),
(26,	'2022-08-27 05:16',	7,	6,	59),
(27,	'2023-09-11 01:59',	9,	1,	53),
(28,	'2024-01-06 01:38',	1,	2,	33),
(29,	'2022-06-28 13:11',	3,	9,	13),
(30,	'2023-03-10 01:47',	7,	2,	39),
(31,	'2023-04-22 02:47',	7,	8,	47),
(32,	'2022-12-19 00:45',	8,	6,	41),
(33,	'2022-11-01 23:44',	8,	7,	55),
(34,	'2022-08-31 23:58',	10,	10,	42),
(35,	'2023-01-09 08:28',	3,	9,	33),
(36,	'2024-03-10 08:49',	1,	10,	42),
(37,	'2022-07-17 06:43',	8,	6,	24),
(38,	'2022-09-05 09:05',	3,	10,	63),
(39,	'2024-03-24 01:24',	8,	8,	18),
(40,	'2022-05-13 00:31',	7,	7,	15),
(41,	'2022-06-11 07:04',	4,	6,	49),
(42,	'2022-02-18 01:03',	2,	7,	51),
(43,	'2024-01-08 04:10',	4,	2,	51),
(44,	'2023-01-03 21:04',	8,	6,	24),
(45,	'2022-07-09 01:40',	2,	8,	24),
(46,	'2023-02-16 10:37',	9,	3,	42),
(47,	'2023-03-15 18:12',	8,	1,	8),
(48,	'2022-11-22 15:56',	9,	5,	47),
(49,	'2022-06-02 19:24',	7,	10,	65),
(50,	'2022-01-20 03:36',	7,	4,	51),
(51,	'2023-11-30 22:10',	1,	6,	38),
(52,	'2022-10-04 22:44',	9,	1,	49),
(53,	'2023-03-07 09:23',	8,	7,	50),
(54,	'2024-03-14 14:10',	1,	7,	60),
(55,	'2023-10-12 04:37',	6,	8,	24),
(56,	'2022-12-07 00:45',	8,	7,	53),
(57,	'2022-04-11 04:40',	8,	6,	49),
(58,	'2024-03-06 15:13',	3,	5,	34),
(59,	'2022-08-08 19:10',	5,	10,	11),
(60,	'2022-01-29 16:18',	6,	6,	30),
(61,	'2023-02-01 01:50',	1,	7,	15),
(62,	'2022-03-07 18:31',	4,	3,	14),
(63,	'2022-07-10 13:03',	7,	1,	15),
(64,	'2022-01-11 09:58',	7,	6,	29),
(65,	'2023-08-07 05:59',	3,	3,	47),
(66,	'2023-08-22 11:12',	6,	3,	36),
(67,	'2024-02-19 02:46',	6,	3,	41),
(68,	'2022-12-10 05:51',	7,	6,	49),
(69,	'2022-05-29 15:45',	8,	8,	16),
(70,	'2022-01-13 08:44',	7,	9,	34),
(71,	'2024-02-15 04:05',	10,	4,	62),
(72,	'2023-07-17 14:54',	8,	2,	16),
(73,	'2023-12-01 13:12',	5,	5,	53),
(74,	'2023-10-20 14:33',	1,	4,	46),
(75,	'2023-02-19 09:30',	4,	1,	32),
(76,	'2022-05-06 07:05',	6,	5,	43),
(77,	'2023-12-21 10:30',	3,	9,	29),
(78,	'2023-06-20 22:41',	7,	3,	6),
(79,	'2023-10-26 18:27',	10,	4,	47),
(80,	'2023-07-09 05:06',	9,	1,	53),
(81,	'2023-08-26 06:06',	8,	4,	43),
(82,	'2022-05-29 22:04',	6,	8,	60),
(83,	'2022-10-13 00:58',	9,	4,	12),
(84,	'2023-11-14 15:40',	5,	4,	12),
(85,	'2024-02-02 02:48',	7,	1,	63),
(86,	'2023-10-22 02:12',	8,	9,	16),
(87,	'2023-04-06 02:50',	10,	1,	38),
(88,	'2023-07-17 16:23',	10,	4,	65),
(89,	'2024-01-20 14:16',	6,	1,	42),
(90,	'2024-02-10 19:08',	4,	3,	25),
(91,	'2022-02-12 02:26',	9,	1,	48),
(92,	'2022-12-09 21:14',	6,	9,	33),
(93,	'2022-02-24 20:02',	7,	3,	2),
(94,	'2023-02-21 11:47',	6,	5,	50),
(95,	'2022-09-14 06:27',	5,	8,	32),
(96,	'2022-06-17 13:07',	1,	7,	11),
(97,	'2024-01-08 00:20',	8,	6,	26),
(98,	'2023-01-28 04:32',	1,	9,	9),
(99,	'2022-01-18 16:25',	1,	10,	43),
(100,	'2022-11-30 01:03',	2,	4,	36),
(101,	'2023-04-27 22:52',	7,	5,	31),
(102,	'2024-02-19 08:49',	2,	2,	12),
(103,	'2023-03-29 05:32',	10,	3,	36),
(104,	'2023-11-15 12:06',	1,	8,	35),
(105,	'2023-02-12 21:00',	4,	7,	19),
(106,	'2022-12-29 08:27',	3,	9,	37),
(107,	'2022-07-13 11:41',	1,	1,	11),
(108,	'2023-07-18 22:35',	2,	2,	65),
(109,	'2023-07-06 08:49',	10,	5,	31),
(110,	'2024-01-05 01:37',	10,	8,	3),
(111,	'2024-01-11 09:15',	2,	10,	10),
(112,	'2024-03-10 10:16',	1,	5,	5),
(113,	'2022-01-17 21:21',	2,	6,	28),
(114,	'2023-01-22 01:53',	3,	6,	5),
(115,	'2023-06-23 01:25',	10,	4,	53),
(116,	'2022-03-22 01:01',	10,	6,	56),
(117,	'2023-07-14 20:16',	8,	1,	53),
(118,	'2024-02-13 07:43',	8,	4,	35),
(119,	'2023-07-28 21:19',	10,	9,	15),
(120,	'2023-07-23 18:45',	6,	3,	61),
(121,	'2023-08-30 22:22',	2,	6,	24),
(122,	'2022-03-31 11:05',	10,	7,	29),
(123,	'2022-05-12 11:54',	2,	9,	57),
(124,	'2023-11-28 14:31',	8,	2,	47),
(125,	'2022-01-13 22:33',	1,	4,	57),
(126,	'2022-07-08 12:56',	2,	9,	50),
(127,	'2022-09-19 07:34',	10,	1,	13),
(128,	'2024-02-19 04:59',	5,	4,	12),
(129,	'2024-03-11 07:43',	7,	2,	47),
(130,	'2022-04-04 10:52',	1,	7,	19),
(131,	'2022-10-07 20:11',	5,	7,	59),
(132,	'2023-04-03 02:45',	5,	3,	47),
(133,	'2023-12-26 05:34',	2,	1,	62),
(134,	'2023-01-02 09:40',	2,	10,	62),
(135,	'2022-01-10 05:05',	9,	8,	29),
(136,	'2023-11-21 21:59',	3,	2,	13),
(137,	'2023-01-22 18:21',	6,	6,	9),
(138,	'2022-02-07 19:00',	6,	8,	20),
(139,	'2022-03-09 12:22',	4,	5,	18),
(140,	'2022-01-26 08:36',	10,	2,	61),
(141,	'2022-02-23 13:35',	3,	7,	12),
(142,	'2022-04-01 00:41',	5,	3,	53),
(143,	'2022-09-18 03:51',	9,	6,	15),
(144,	'2023-02-09 19:30',	2,	2,	18),
(145,	'2024-02-18 22:50',	4,	4,	43),
(146,	'2022-06-06 00:26',	3,	8,	61),
(147,	'2023-02-11 16:01',	1,	1,	3),
(148,	'2022-04-15 12:15',	7,	7,	26),
(149,	'2023-12-13 04:14',	7,	7,	13),
(150,	'2022-02-07 15:07',	7,	9,	22),
(151,	'2022-03-05 09:49',	9,	10,	2),
(152,	'2022-08-25 09:04',	3,	10,	15),
(153,	'2022-04-14 23:27',	4,	5,	7),
(154,	'2022-06-19 17:00',	9,	3,	51),
(155,	'2022-02-18 23:42',	7,	9,	44),
(156,	'2023-06-18 05:17',	7,	6,	44),
(157,	'2023-08-04 12:33',	3,	4,	15),
(158,	'2022-01-24 10:11',	6,	3,	36),
(159,	'2024-03-09 05:17',	8,	7,	23),
(160,	'2023-06-03 03:44',	4,	5,	2),
(161,	'2024-02-18 15:24',	1,	3,	52),
(162,	'2022-10-17 08:47',	9,	9,	43),
(163,	'2023-10-02 22:16',	7,	3,	20),
(164,	'2023-11-27 07:02',	3,	3,	40),
(165,	'2022-04-26 21:01',	5,	2,	34),
(166,	'2022-02-26 19:45',	5,	9,	4),
(167,	'2023-06-23 02:38',	9,	3,	36),
(168,	'2022-04-28 01:53',	3,	6,	13),
(169,	'2022-06-27 11:47',	6,	2,	11),
(170,	'2022-12-21 15:58',	10,	8,	58),
(171,	'2022-07-03 10:35',	6,	3,	21),
(172,	'2024-01-02 12:56',	2,	9,	65),
(173,	'2022-09-11 13:55',	10,	8,	6),
(174,	'2022-04-11 08:29',	4,	2,	60),
(175,	'2022-02-08 11:15',	9,	5,	52),
(176,	'2023-04-05 10:26',	10,	4,	57),
(177,	'2022-11-04 05:06',	8,	7,	53),
(178,	'2022-05-09 08:14',	2,	2,	3),
(179,	'2023-11-24 03:05',	2,	3,	3),
(180,	'2022-10-01 13:51',	6,	4,	58),
(181,	'2023-01-30 17:10',	8,	1,	15),
(182,	'2024-01-08 19:21',	4,	9,	61),
(183,	'2022-06-16 05:31',	10,	3,	11),
(184,	'2022-06-07 11:46',	5,	9,	9),
(185,	'2024-03-30 14:56',	10,	10,	52),
(186,	'2022-05-29 12:04',	9,	9,	42),
(187,	'2023-08-19 17:28',	2,	6,	9),
(188,	'2022-01-22 17:37',	9,	6,	63),
(189,	'2022-07-25 08:05',	4,	6,	44),
(190,	'2023-06-23 06:28',	6,	3,	34),
(191,	'2024-02-01 01:36',	8,	1,	3),
(192,	'2024-02-25 16:31',	6,	4,	2),
(193,	'2022-03-06 07:15',	5,	3,	13),
(194,	'2022-02-28 19:47',	6,	4,	8),
(195,	'2023-02-20 04:29',	9,	7,	48),
(196,	'2023-08-16 10:59',	7,	5,	10),
(197,	'2022-11-10 11:18',	1,	5,	64),
(198,	'2023-03-18 18:17',	1,	6,	41),
(199,	'2022-11-15 01:11',	8,	1,	12),
(200,	'2023-07-27 22:35',	2,	10,	26),
(201,	'2022-02-02 00:02',	2,	5,	62),
(202,	'2022-10-06 20:18',	10,	10,	40),
(203,	'2022-09-30 20:10',	4,	4,	41),
(204,	'2022-02-03 08:38',	2,	9,	42),
(205,	'2023-08-08 15:11',	10,	4,	44),
(206,	'2022-11-19 22:32',	9,	9,	36),
(207,	'2022-06-20 09:18',	5,	1,	16),
(208,	'2024-02-12 23:02',	3,	4,	48),
(209,	'2023-07-07 04:55',	1,	5,	65),
(210,	'2023-08-01 12:35',	4,	9,	25),
(211,	'2022-07-14 01:39',	1,	5,	60),
(212,	'2022-09-04 17:47',	8,	4,	42),
(213,	'2022-02-14 08:37',	1,	4,	34),
(214,	'2023-04-14 07:54',	7,	3,	33),
(215,	'2023-08-01 00:01',	1,	3,	60),
(216,	'2024-01-31 21:36',	5,	4,	35),
(217,	'2023-03-13 01:44',	5,	3,	55),
(218,	'2022-10-26 07:31',	7,	8,	38),
(219,	'2023-09-20 01:07',	4,	5,	10),
(220,	'2022-10-30 10:59',	8,	7,	65),
(221,	'2022-02-20 07:27',	4,	2,	53),
(222,	'2023-06-05 17:45',	6,	6,	17),
(223,	'2023-03-02 19:29',	1,	7,	13),
(224,	'2024-03-23 09:55',	6,	8,	11),
(225,	'2023-04-29 11:35',	6,	10,	60),
(226,	'2023-12-31 16:44',	7,	10,	60),
(227,	'2023-08-02 18:42',	3,	10,	21),
(228,	'2023-04-18 22:59',	2,	6,	32),
(229,	'2023-08-31 06:02',	5,	1,	4),
(230,	'2022-01-21 23:50',	3,	7,	33),
(231,	'2023-04-09 08:00',	1,	3,	57),
(232,	'2023-09-21 04:42',	10,	5,	26),
(233,	'2023-07-21 06:19',	8,	10,	27),
(234,	'2022-05-25 15:46',	9,	1,	56),
(235,	'2024-02-10 03:56',	3,	4,	57),
(236,	'2022-11-23 09:48',	9,	7,	53),
(237,	'2022-03-19 01:58',	8,	7,	13),
(238,	'2024-02-09 02:47',	7,	7,	32),
(239,	'2022-12-10 15:00',	1,	3,	11),
(240,	'2022-02-05 17:25',	10,	6,	52),
(241,	'2022-10-27 10:07',	4,	3,	10),
(242,	'2022-03-10 23:33',	9,	8,	6),
(243,	'2022-05-24 15:37',	3,	2,	11),
(244,	'2022-10-23 07:26',	4,	4,	38),
(245,	'2024-01-31 21:46',	2,	5,	49),
(246,	'2022-11-01 15:05',	6,	4,	16),
(247,	'2022-04-06 20:55',	1,	6,	36),
(248,	'2022-04-03 21:10',	2,	5,	41),
(249,	'2023-09-12 22:21',	1,	2,	38),
(250,	'2022-12-24 11:59',	6,	10,	59),
(251,	'2023-08-05 20:06',	1,	8,	51),
(252,	'2023-05-15 16:37',	1,	6,	18),
(253,	'2023-12-16 12:00',	5,	3,	2),
(254,	'2022-07-30 05:21',	2,	7,	41),
(255,	'2022-09-10 15:21',	9,	2,	26),
(256,	'2022-10-30 16:15',	3,	5,	47),
(257,	'2022-02-24 04:50',	6,	4,	61),
(258,	'2023-07-20 15:08',	8,	6,	10),
(259,	'2022-07-23 18:12',	7,	7,	18),
(260,	'2022-12-09 06:06',	8,	5,	60),
(261,	'2022-07-31 13:58',	3,	3,	25),
(262,	'2022-07-18 01:41',	2,	10,	64),
(263,	'2022-05-18 21:57',	2,	7,	3),
(264,	'2022-05-06 15:51',	4,	1,	24),
(265,	'2023-05-08 21:43',	10,	6,	46),
(266,	'2024-02-25 16:39',	2,	10,	12),
(267,	'2022-02-06 16:18',	5,	6,	18),
(268,	'2023-07-11 14:53',	8,	10,	46),
(269,	'2023-04-16 18:02',	10,	8,	63),
(270,	'2022-12-20 06:07',	8,	6,	39),
(271,	'2022-05-04 23:29',	5,	1,	36),
(272,	'2023-07-15 19:55',	3,	4,	1),
(273,	'2022-01-29 03:39',	9,	3,	55),
(274,	'2022-10-14 05:07',	9,	2,	56),
(275,	'2024-02-06 02:47',	6,	7,	20),
(276,	'2023-06-27 09:58',	8,	7,	60),
(277,	'2023-09-08 00:47',	9,	2,	65),
(278,	'2023-03-10 16:48',	10,	6,	56),
(279,	'2023-03-28 04:19',	1,	4,	36),
(280,	'2023-07-09 17:40',	2,	7,	62),
(281,	'2023-07-16 14:58',	1,	4,	32),
(282,	'2022-12-30 18:28',	2,	2,	28),
(283,	'2023-05-25 20:23',	4,	8,	30),
(284,	'2022-04-07 05:48',	4,	3,	20),
(285,	'2023-09-06 19:49',	7,	10,	33),
(286,	'2023-09-30 09:36',	10,	7,	51),
(287,	'2023-09-16 11:08',	3,	8,	6),
(288,	'2022-04-23 10:48',	7,	1,	19),
(289,	'2022-05-26 01:40',	3,	4,	58),
(290,	'2022-12-06 09:45',	6,	8,	49),
(291,	'2023-05-12 18:07',	3,	1,	12),
(292,	'2024-01-14 23:09',	9,	10,	14),
(293,	'2022-03-17 20:57',	3,	4,	4),
(294,	'2022-05-24 17:05',	4,	3,	21),
(295,	'2023-11-07 04:25',	6,	7,	30),
(296,	'2022-10-17 09:56',	6,	8,	27),
(297,	'2023-07-05 02:32',	4,	2,	49),
(298,	'2022-06-25 20:36',	6,	7,	61),
(299,	'2023-05-11 05:15',	7,	6,	37),
(300,	'2022-09-04 19:08',	3,	10,	4),
(301,	'2022-09-08 09:00',	9,	4,	13),
(302,	'2023-12-15 18:14',	9,	8,	4),
(303,	'2022-02-06 01:07',	5,	10,	20),
(304,	'2023-08-11 15:08',	8,	4,	21),
(305,	'2023-05-25 04:58',	4,	10,	42),
(306,	'2022-10-24 20:15',	7,	7,	14),
(307,	'2022-03-26 21:04',	8,	4,	53),
(308,	'2023-11-23 19:27',	10,	3,	18),
(309,	'2023-09-08 22:23',	2,	8,	4),
(310,	'2022-04-10 10:49',	9,	7,	47),
(311,	'2023-07-17 06:15',	6,	8,	15),
(312,	'2024-01-06 19:17',	1,	4,	45),
(313,	'2022-09-24 13:53',	8,	1,	56),
(314,	'2022-06-12 10:38',	9,	6,	61),
(315,	'2022-03-14 15:58',	10,	7,	40),
(316,	'2022-01-24 07:29',	5,	10,	16),
(317,	'2022-12-03 07:21',	9,	3,	37),
(318,	'2022-03-11 18:32',	5,	5,	3),
(319,	'2023-10-23 22:11',	3,	6,	56),
(320,	'2023-09-17 05:55',	10,	8,	8),
(321,	'2022-08-04 23:04',	5,	1,	53),
(322,	'2024-02-04 05:25',	4,	7,	63),
(323,	'2024-02-05 19:10',	5,	9,	55),
(324,	'2023-06-22 17:46',	7,	8,	62),
(325,	'2023-01-01 09:38',	1,	2,	59),
(326,	'2023-12-28 17:04',	2,	6,	8),
(327,	'2022-02-13 21:23',	3,	9,	56),
(328,	'2023-03-22 04:13',	7,	6,	39),
(329,	'2022-12-26 10:48',	8,	5,	51),
(330,	'2023-05-26 18:04',	10,	8,	57),
(331,	'2022-02-17 15:07',	7,	10,	38),
(332,	'2022-04-16 22:15',	5,	7,	59),
(333,	'2023-02-02 17:08',	6,	4,	7),
(334,	'2023-01-18 00:39',	3,	2,	16),
(335,	'2023-06-19 12:41',	9,	4,	14),
(336,	'2024-01-26 23:04',	5,	2,	34),
(337,	'2024-03-23 09:03',	1,	2,	31),
(338,	'2024-03-06 10:14',	10,	9,	30),
(339,	'2023-09-22 11:01',	8,	5,	19),
(340,	'2024-02-18 21:41',	8,	6,	46),
(341,	'2023-09-19 17:17',	4,	7,	24),
(342,	'2023-11-23 02:05',	2,	3,	1),
(343,	'2022-07-09 03:57',	5,	2,	37),
(344,	'2022-10-27 02:31',	3,	6,	13),
(345,	'2022-08-12 18:58',	7,	2,	5),
(346,	'2023-10-07 17:12',	10,	10,	6),
(347,	'2023-02-03 04:30',	10,	5,	3),
(348,	'2024-03-22 19:10',	4,	5,	58),
(349,	'2022-05-31 06:48',	3,	9,	34),
(350,	'2024-03-28 10:10',	6,	3,	36),
(351,	'2022-01-11 10:05',	2,	7,	48),
(352,	'2023-08-04 07:28',	5,	8,	33),
(353,	'2022-06-17 12:59',	4,	10,	48),
(354,	'2023-08-01 07:33',	8,	2,	24),
(355,	'2022-12-15 01:56',	6,	1,	27),
(356,	'2024-03-18 16:28',	4,	3,	11),
(357,	'2022-04-23 04:30',	10,	4,	65),
(358,	'2023-10-30 01:57',	6,	8,	12),
(359,	'2023-06-23 17:43',	4,	9,	61),
(360,	'2022-05-13 00:38',	2,	9,	52),
(361,	'2022-12-11 16:16',	3,	4,	57),
(362,	'2022-12-03 10:01',	8,	9,	1),
(363,	'2022-11-15 22:29',	7,	9,	14),
(364,	'2023-02-27 22:13',	3,	7,	25),
(365,	'2024-03-02 16:37',	1,	4,	42),
(366,	'2022-03-15 13:29',	9,	6,	27),
(367,	'2022-09-28 10:09',	5,	10,	15),
(368,	'2022-10-02 23:57',	9,	3,	48),
(369,	'2024-02-04 11:32',	3,	8,	5),
(370,	'2024-03-18 17:40',	3,	1,	48),
(371,	'2022-12-24 23:31',	8,	1,	10),
(372,	'2023-04-03 07:59',	10,	8,	62),
(373,	'2023-01-19 11:04',	9,	2,	13),
(374,	'2023-02-05 20:47',	4,	7,	54),
(375,	'2022-09-05 01:19',	6,	6,	10),
(376,	'2022-05-02 07:01',	3,	3,	24),
(377,	'2022-04-05 11:07',	2,	3,	53),
(378,	'2022-09-11 03:46',	5,	1,	59),
(379,	'2022-09-20 21:25',	5,	3,	37),
(380,	'2022-05-10 02:05',	2,	5,	49),
(381,	'2023-01-02 23:32',	9,	4,	31),
(382,	'2022-06-10 14:20',	10,	7,	18),
(383,	'2023-03-27 22:57',	10,	2,	43),
(384,	'2024-01-04 11:48',	6,	4,	14),
(385,	'2024-01-20 22:55',	9,	3,	4),
(386,	'2022-11-28 20:57',	4,	8,	41),
(387,	'2024-03-14 00:07',	6,	7,	17),
(388,	'2023-01-16 12:18',	10,	8,	57),
(389,	'2022-04-17 01:52',	2,	4,	15),
(390,	'2022-02-10 13:41',	8,	6,	50),
(391,	'2022-01-17 19:05',	10,	5,	40),
(392,	'2023-04-21 01:33',	6,	4,	50),
(393,	'2023-12-09 00:36',	10,	10,	52),
(394,	'2022-06-02 12:07',	1,	8,	56),
(395,	'2023-12-13 18:20',	4,	9,	64),
(396,	'2022-11-25 02:15',	10,	2,	58),
(397,	'2024-01-28 22:01',	3,	2,	61),
(398,	'2022-07-17 10:25',	9,	9,	40),
(399,	'2023-05-20 05:22',	2,	7,	51),
(400,	'2024-02-01 07:46',	10,	4,	8),
(401,	'2022-12-04 16:18',	4,	1,	4),
(402,	'2022-04-24 12:12',	5,	8,	31),
(403,	'2024-03-04 10:18',	3,	3,	22),
(404,	'2022-02-18 07:17',	7,	2,	53),
(405,	'2023-06-07 18:59',	7,	1,	32),
(406,	'2022-07-30 19:19',	2,	8,	27),
(407,	'2023-08-28 10:03',	10,	6,	5),
(408,	'2023-05-22 20:25',	6,	5,	32),
(409,	'2022-06-03 11:46',	5,	1,	63),
(410,	'2023-04-18 23:11',	1,	6,	52),
(411,	'2022-07-07 18:07',	4,	4,	61),
(412,	'2022-12-18 08:31',	6,	3,	33),
(413,	'2023-09-21 08:23',	10,	7,	31),
(414,	'2022-09-21 04:58',	4,	7,	11),
(415,	'2024-03-04 08:47',	10,	5,	31),
(416,	'2024-02-12 06:33',	10,	2,	55),
(417,	'2023-08-31 04:44',	2,	5,	3),
(418,	'2023-08-23 12:23',	5,	1,	48),
(419,	'2023-06-10 23:02',	3,	2,	2),
(420,	'2023-06-14 03:48',	6,	5,	37),
(421,	'2022-12-09 09:49',	9,	9,	46),
(422,	'2024-02-21 15:21',	9,	1,	62),
(423,	'2023-01-12 11:57',	4,	1,	9),
(424,	'2023-02-02 00:40',	4,	5,	33),
(425,	'2022-03-02 20:03',	8,	4,	52),
(426,	'2023-11-02 16:03',	2,	7,	40),
(427,	'2022-05-25 01:50',	10,	3,	32),
(428,	'2023-04-30 12:47',	5,	8,	33),
(429,	'2022-07-22 17:52',	3,	6,	1),
(430,	'2022-11-07 21:17',	8,	1,	65),
(431,	'2023-09-11 18:40',	1,	2,	47),
(432,	'2022-02-01 01:14',	10,	2,	51),
(433,	'2023-01-06 22:21',	10,	7,	23),
(434,	'2023-11-02 01:50',	1,	6,	51),
(435,	'2022-06-08 15:34',	1,	3,	23),
(436,	'2024-02-02 14:12',	3,	6,	10),
(437,	'2024-03-28 13:46',	3,	8,	18),
(438,	'2022-01-07 05:02',	6,	7,	42),
(439,	'2022-06-06 01:41',	3,	5,	15),
(440,	'2023-11-08 11:51',	9,	8,	21),
(441,	'2022-07-05 04:14',	7,	6,	42),
(442,	'2023-06-18 07:42',	6,	6,	2),
(443,	'2023-03-12 14:24',	3,	10,	3),
(444,	'2022-09-28 13:44',	1,	1,	1),
(445,	'2024-01-27 14:14',	4,	3,	8),
(446,	'2023-09-19 11:09',	4,	2,	60),
(447,	'2022-02-08 11:14',	8,	3,	45),
(448,	'2023-09-20 18:38',	9,	5,	30),
(449,	'2022-01-05 16:23',	10,	6,	49),
(450,	'2022-05-26 15:44',	8,	4,	55),
(451,	'2024-03-06 08:48',	1,	8,	38),
(452,	'2023-07-15 16:20',	7,	4,	52),
(453,	'2023-12-15 23:12',	2,	2,	33),
(454,	'2024-01-02 23:08',	9,	7,	42),
(455,	'2022-11-15 00:51',	3,	9,	15),
(456,	'2023-06-19 14:05',	7,	9,	33),
(457,	'2024-01-04 22:02',	4,	9,	63),
(458,	'2022-09-16 16:32',	6,	4,	59),
(459,	'2023-02-15 19:30',	2,	3,	39),
(460,	'2022-11-01 01:10',	7,	9,	25),
(461,	'2022-06-29 23:13',	2,	3,	52),
(462,	'2022-05-20 10:46',	5,	1,	3),
(463,	'2023-12-28 07:56',	8,	1,	65),
(464,	'2023-09-28 21:04',	8,	5,	16),
(465,	'2023-08-06 19:01',	7,	3,	4),
(466,	'2023-07-06 04:53',	10,	9,	41),
(467,	'2023-01-31 13:20',	1,	3,	16),
(468,	'2022-09-13 20:19',	1,	5,	2),
(469,	'2023-08-18 13:39',	6,	9,	32),
(470,	'2024-02-26 07:42',	7,	10,	64),
(471,	'2024-02-20 20:21',	3,	3,	17),
(472,	'2023-06-20 12:34',	4,	1,	24),
(473,	'2023-02-25 11:54',	1,	8,	31),
(474,	'2022-04-09 04:29',	10,	2,	56),
(475,	'2024-02-09 02:43',	3,	4,	44),
(476,	'2022-12-23 03:26',	8,	5,	14),
(477,	'2023-02-21 22:09',	10,	3,	42),
(478,	'2022-09-30 17:36',	9,	5,	57),
(479,	'2023-12-11 17:00',	9,	4,	60),
(480,	'2023-07-30 17:35',	8,	1,	6),
(481,	'2022-06-05 16:50',	2,	3,	43),
(482,	'2023-06-06 04:06',	10,	3,	24),
(483,	'2022-05-01 15:52',	4,	2,	55),
(484,	'2023-07-03 19:02',	8,	8,	18),
(485,	'2022-06-16 04:25',	6,	4,	16),
(486,	'2022-04-13 21:02',	6,	8,	7),
(487,	'2022-06-07 15:42',	6,	9,	31),
(488,	'2023-09-11 09:38',	1,	6,	17),
(489,	'2023-09-02 23:35',	1,	5,	17),
(490,	'2023-11-22 10:39',	1,	1,	14),
(491,	'2024-01-24 22:00',	2,	9,	39),
(492,	'2023-03-01 19:27',	9,	2,	57),
(493,	'2022-01-17 11:21',	4,	6,	62),
(494,	'2024-02-25 22:53',	7,	5,	28),
(495,	'2023-08-18 08:35',	9,	7,	44),
(496,	'2022-10-26 19:54',	2,	2,	8),
(497,	'2022-05-19 12:03',	8,	7,	51),
(498,	'2022-03-07 01:01',	10,	7,	16),
(499,	'2022-11-12 04:49',	6,	3,	42),
(500,	'2022-12-30 06:06',	7,	1,	9),
(501,	'2023-04-01 09:18',	4,	8,	47),
(502,	'2022-11-03 16:24',	10,	6,	59),
(503,	'2023-11-26 12:02',	7,	3,	17),
(504,	'2023-01-25 15:42',	7,	2,	58),
(505,	'2024-01-03 19:24',	7,	9,	33),
(506,	'2024-01-06 23:08',	8,	6,	33),
(507,	'2023-09-05 05:58',	2,	8,	35),
(508,	'2022-07-28 16:42',	5,	1,	63),
(509,	'2023-06-24 09:02',	10,	8,	48),
(510,	'2023-01-16 03:17',	1,	4,	50),
(511,	'2023-05-28 20:25',	6,	6,	10),
(512,	'2022-01-12 15:06',	7,	1,	19),
(513,	'2022-07-05 06:41',	7,	3,	16),
(514,	'2022-12-22 11:59',	6,	1,	17),
(515,	'2022-07-26 11:40',	10,	6,	1),
(516,	'2022-12-08 00:56',	6,	2,	50),
(517,	'2023-03-01 06:53',	7,	4,	6),
(518,	'2022-07-21 23:11',	1,	6,	43),
(519,	'2023-06-25 07:33',	9,	6,	28),
(520,	'2022-09-09 06:28',	6,	4,	7),
(521,	'2022-11-28 17:29',	3,	9,	26),
(522,	'2023-01-05 01:59',	8,	9,	2),
(523,	'2023-02-26 11:57',	3,	6,	2),
(524,	'2022-11-04 19:54',	2,	10,	14),
(525,	'2022-08-05 16:44',	6,	8,	50),
(526,	'2023-07-07 02:28',	1,	1,	54),
(527,	'2022-02-05 18:39',	1,	2,	52),
(528,	'2022-12-08 17:17',	4,	10,	35),
(529,	'2024-01-02 20:36',	5,	4,	43),
(530,	'2022-04-02 13:34',	1,	8,	39),
(531,	'2023-05-26 08:50',	2,	5,	43),
(532,	'2024-01-27 15:27',	4,	5,	23),
(533,	'2022-07-17 03:06',	1,	10,	41),
(534,	'2022-07-12 07:48',	2,	3,	47),
(535,	'2024-01-15 09:15',	2,	9,	54),
(536,	'2023-05-21 14:07',	9,	9,	48),
(537,	'2022-04-02 08:25',	1,	2,	39),
(538,	'2022-12-14 08:29',	4,	4,	52),
(539,	'2023-10-22 15:52',	4,	3,	17),
(540,	'2022-12-13 08:32',	6,	4,	6),
(541,	'2022-09-08 06:25',	4,	5,	13),
(542,	'2023-05-23 12:43',	1,	1,	11),
(543,	'2023-06-15 17:45',	6,	6,	8),
(544,	'2023-12-20 00:33',	7,	7,	28),
(545,	'2022-01-24 21:22',	2,	8,	20),
(546,	'2022-06-27 04:13',	6,	3,	31),
(547,	'2023-05-20 15:29',	5,	8,	19),
(548,	'2022-07-23 09:15',	1,	6,	38),
(549,	'2022-07-20 11:39',	9,	4,	21),
(550,	'2022-12-25 05:47',	3,	1,	28),
(551,	'2024-02-04 09:12',	9,	6,	21),
(552,	'2023-12-02 08:08',	7,	1,	7),
(553,	'2022-12-12 18:39',	10,	6,	15),
(554,	'2022-10-07 00:10',	8,	2,	24),
(555,	'2023-02-27 11:49',	8,	1,	17),
(556,	'2022-02-19 12:25',	6,	5,	55),
(557,	'2023-07-22 22:37',	3,	7,	15),
(558,	'2022-07-17 12:57',	2,	10,	21),
(559,	'2023-07-29 13:38',	6,	8,	7),
(560,	'2022-09-12 05:15',	6,	1,	32),
(561,	'2022-10-08 05:12',	3,	8,	4),
(562,	'2024-03-01 15:17',	6,	8,	15),
(563,	'2023-11-19 12:04',	9,	10,	20),
(564,	'2023-05-29 05:11',	4,	10,	65),
(565,	'2022-01-20 03:35',	6,	10,	3),
(566,	'2022-11-22 20:08',	2,	3,	63),
(567,	'2024-03-09 23:57',	9,	4,	28),
(568,	'2024-02-06 09:10',	8,	1,	10),
(569,	'2023-03-28 07:53',	6,	10,	63),
(570,	'2022-04-21 18:26',	9,	2,	5),
(571,	'2023-12-25 05:24',	5,	9,	54),
(572,	'2023-08-15 02:23',	7,	10,	3),
(573,	'2022-06-20 22:04',	6,	5,	33),
(574,	'2022-08-03 19:13',	8,	1,	5),
(575,	'2022-04-17 10:53',	1,	7,	61),
(576,	'2023-10-20 05:39',	7,	3,	9),
(577,	'2022-01-06 15:17',	5,	6,	20),
(578,	'2023-11-27 07:06',	6,	6,	58),
(579,	'2023-11-16 12:10',	3,	8,	7),
(580,	'2022-06-07 15:39',	4,	8,	49),
(581,	'2023-02-08 04:30',	10,	2,	11),
(582,	'2022-06-14 12:01',	6,	7,	36),
(583,	'2023-10-23 09:35',	8,	2,	22),
(584,	'2022-06-29 02:55',	3,	5,	38),
(585,	'2023-02-09 17:13',	10,	9,	47),
(586,	'2024-01-17 09:14',	10,	3,	27),
(587,	'2022-05-28 16:54',	5,	6,	30),
(588,	'2023-05-04 14:13',	3,	8,	8),
(589,	'2022-05-19 12:01',	7,	1,	12),
(590,	'2023-12-16 19:29',	10,	5,	20),
(591,	'2022-05-22 22:12',	3,	5,	36),
(592,	'2022-11-27 09:42',	5,	10,	38),
(593,	'2024-03-17 04:55',	2,	9,	49),
(594,	'2022-08-21 03:57',	4,	7,	24),
(595,	'2023-11-22 02:04',	1,	9,	19),
(596,	'2023-11-14 07:58',	1,	2,	50),
(597,	'2022-08-29 04:05',	9,	2,	58),
(598,	'2022-03-10 18:40',	1,	2,	53),
(599,	'2023-01-22 22:14',	5,	5,	50),
(600,	'2023-05-11 17:45',	7,	1,	24),
(601,	'2023-03-28 16:46',	9,	7,	6),
(602,	'2022-09-12 07:36',	2,	9,	65),
(603,	'2022-09-25 15:11',	1,	8,	45),
(604,	'2022-03-30 11:00',	7,	1,	24),
(605,	'2023-07-06 07:26',	4,	5,	5),
(606,	'2022-03-22 06:00',	3,	4,	58),
(607,	'2022-12-05 09:45',	6,	6,	10),
(608,	'2022-01-11 15:08',	9,	8,	5),
(609,	'2022-05-24 16:54',	5,	8,	9),
(610,	'2023-01-18 22:23',	1,	2,	51),
(611,	'2022-09-01 03:49',	8,	2,	29),
(612,	'2023-10-24 17:13',	10,	2,	43),
(613,	'2024-03-12 21:34',	2,	2,	7),
(614,	'2022-03-31 06:00',	3,	2,	55),
(615,	'2023-12-29 21:54',	9,	4,	33),
(616,	'2022-09-14 01:21',	7,	10,	64),
(617,	'2022-01-28 05:59',	3,	6,	46),
(618,	'2024-02-14 14:15',	5,	4,	27),
(619,	'2022-02-06 23:51',	3,	9,	39),
(620,	'2022-07-24 11:41',	10,	8,	1),
(621,	'2023-07-14 09:55',	5,	4,	34),
(622,	'2023-03-06 01:43',	5,	10,	20),
(623,	'2023-10-22 02:05',	2,	5,	43),
(624,	'2022-02-05 05:06',	8,	7,	58),
(625,	'2022-12-19 12:17',	9,	7,	28),
(626,	'2022-07-02 20:37',	6,	10,	12),
(627,	'2024-03-03 06:30',	7,	9,	28),
(628,	'2022-12-17 20:05',	9,	8,	30),
(629,	'2024-03-06 11:25',	8,	4,	43),
(630,	'2022-06-02 22:12',	2,	4,	14),
(631,	'2024-02-18 02:45',	5,	9,	62),
(632,	'2022-07-11 07:50',	3,	8,	11),
(633,	'2023-01-04 18:26',	10,	4,	5),
(634,	'2022-06-26 20:39',	8,	7,	65),
(635,	'2022-02-16 07:23',	1,	10,	58),
(636,	'2022-12-25 12:17',	10,	7,	41),
(637,	'2022-04-11 17:16',	2,	1,	52),
(638,	'2023-10-15 13:30',	9,	6,	8),
(639,	'2022-02-15 22:29',	7,	9,	18),
(640,	'2023-10-21 04:33',	2,	4,	2),
(641,	'2022-05-20 18:18',	3,	2,	18),
(642,	'2023-09-22 01:56',	6,	9,	39),
(643,	'2023-01-03 11:59',	6,	8,	16),
(644,	'2023-12-18 15:34',	10,	1,	38),
(645,	'2023-05-17 07:45',	9,	1,	35),
(646,	'2023-04-24 07:51',	4,	2,	57),
(647,	'2023-10-09 07:16',	4,	1,	61),
(648,	'2023-07-06 13:43',	10,	8,	64),
(649,	'2023-01-30 11:59',	6,	7,	47),
(650,	'2023-05-07 20:24',	5,	3,	61),
(651,	'2023-10-02 02:14',	9,	5,	60),
(652,	'2022-04-18 21:06',	9,	9,	62),
(653,	'2022-01-12 05:12',	3,	9,	12),
(654,	'2023-01-30 20:51',	8,	10,	51),
(655,	'2024-03-07 11:35',	5,	5,	51),
(656,	'2023-06-20 22:38',	5,	2,	44),
(657,	'2023-10-07 22:15',	5,	8,	7),
(658,	'2022-09-23 08:42',	6,	6,	64),
(659,	'2022-10-08 18:53',	2,	9,	58),
(660,	'2023-12-24 18:11',	7,	8,	48),
(661,	'2022-12-25 23:35',	10,	2,	62),
(662,	'2022-06-21 04:19',	1,	3,	63),
(663,	'2022-05-18 22:15',	5,	4,	36),
(664,	'2023-06-19 14:04',	6,	6,	9),
(665,	'2024-03-24 13:46',	3,	10,	55),
(666,	'2023-01-15 18:29',	2,	2,	35),
(667,	'2022-04-15 00:44',	7,	10,	45),
(668,	'2023-08-06 11:15',	9,	5,	49),
(669,	'2022-11-01 14:56',	9,	7,	36),
(670,	'2023-09-26 05:50',	6,	2,	64),
(671,	'2023-03-25 19:22',	5,	1,	65),
(672,	'2023-09-15 20:54',	10,	3,	31),
(673,	'2023-01-01 20:50',	7,	9,	23),
(674,	'2022-03-27 11:06',	1,	1,	14),
(675,	'2023-09-22 05:45',	2,	5,	63),
(676,	'2022-10-25 22:31',	9,	8,	15),
(677,	'2023-10-26 09:27',	2,	5,	61),
(678,	'2022-06-03 03:07',	3,	9,	27),
(679,	'2023-04-04 13:09',	2,	1,	59),
(680,	'2022-10-25 02:29',	2,	2,	14),
(681,	'2023-08-03 21:24',	4,	4,	41),
(682,	'2022-05-28 00:39',	2,	10,	18),
(683,	'2022-12-31 09:43',	4,	8,	42),
(684,	'2024-02-10 18:59',	7,	5,	7),
(685,	'2022-07-16 21:40',	8,	7,	17),
(686,	'2022-05-05 00:36',	10,	1,	24),
(687,	'2023-06-02 01:28',	2,	4,	27),
(688,	'2024-01-16 07:50',	3,	10,	43),
(689,	'2023-04-15 21:43',	10,	6,	49),
(690,	'2022-06-21 19:22',	5,	3,	63),
(691,	'2024-02-12 20:20',	3,	2,	58),
(692,	'2022-03-30 20:00',	5,	1,	1),
(693,	'2024-02-02 14:11',	2,	4,	18),
(694,	'2022-07-17 09:14',	1,	5,	12),
(695,	'2023-03-18 03:05',	1,	9,	22),
(696,	'2022-01-23 03:32',	4,	2,	31),
(697,	'2022-02-24 21:20',	10,	8,	62),
(698,	'2023-01-10 10:49',	8,	5,	7),
(699,	'2024-03-29 16:29',	4,	4,	35),
(700,	'2023-07-18 20:09',	3,	8,	60),
(701,	'2022-12-16 08:32',	7,	5,	41),
(702,	'2023-04-25 01:36',	9,	3,	47),
(703,	'2024-01-08 08:01',	1,	4,	31),
(704,	'2022-10-08 06:23',	1,	4,	22),
(705,	'2023-06-16 06:23',	2,	6,	20),
(706,	'2024-01-01 12:59',	4,	7,	32),
(707,	'2022-10-20 07:30',	6,	4,	58),
(708,	'2023-02-11 19:34',	5,	4,	36),
(709,	'2023-06-15 14:03',	5,	4,	7),
(710,	'2023-03-30 10:37',	8,	9,	54),
(711,	'2023-07-25 00:58',	9,	2,	12),
(712,	'2023-03-10 02:58',	6,	9,	33),
(713,	'2022-01-03 12:34',	4,	9,	24),
(714,	'2022-07-02 00:27',	3,	8,	19),
(715,	'2022-01-01 03:49',	7,	7,	36),
(716,	'2023-07-19 18:50',	9,	9,	38),
(717,	'2022-10-16 00:08',	6,	5,	27),
(718,	'2023-10-06 16:05',	4,	7,	16),
(719,	'2022-04-03 20:01',	5,	5,	40),
(720,	'2023-10-22 04:28',	9,	7,	2),
(721,	'2022-01-11 00:58',	9,	3,	55),
(722,	'2022-10-31 08:37',	1,	6,	43),
(723,	'2023-02-04 11:57',	4,	10,	38),
(724,	'2022-03-27 18:33',	5,	8,	18),
(725,	'2022-03-09 14:52',	5,	8,	26),
(726,	'2023-06-13 01:22',	7,	3,	28),
(727,	'2022-06-20 18:18',	2,	1,	43),
(728,	'2022-04-26 17:13',	10,	1,	14),
(729,	'2022-02-01 13:42',	9,	2,	64),
(730,	'2023-04-27 23:12',	1,	7,	4),
(731,	'2022-10-26 15:07',	7,	2,	30),
(732,	'2024-03-08 11:28',	10,	2,	15),
(733,	'2023-02-10 19:36',	7,	3,	21),
(734,	'2023-12-03 08:09',	8,	4,	36),
(735,	'2023-06-06 12:43',	1,	10,	42),
(736,	'2022-10-10 19:05',	10,	7,	6),
(737,	'2023-05-08 18:59',	8,	6,	31),
(738,	'2023-10-26 15:43',	8,	4,	55),
(739,	'2024-03-28 11:22',	5,	3,	2),
(740,	'2022-07-15 02:49',	9,	7,	45),
(741,	'2023-03-10 14:20',	10,	9,	32),
(742,	'2023-10-03 10:47',	7,	1,	26),
(743,	'2023-07-02 03:48',	6,	3,	57),
(744,	'2022-12-08 11:13',	7,	4,	11),
(745,	'2023-04-24 10:29',	2,	1,	5),
(746,	'2022-04-20 10:47',	7,	10,	58),
(747,	'2023-01-27 17:12',	9,	8,	16),
(748,	'2023-11-28 12:07',	10,	6,	2),
(749,	'2022-09-27 13:50',	6,	1,	35),
(750,	'2023-06-18 15:15',	4,	1,	63),
(751,	'2023-11-08 05:36',	4,	1,	13),
(752,	'2023-09-20 05:56',	10,	1,	24),
(753,	'2023-06-10 02:37',	8,	10,	42),
(754,	'2022-07-04 04:21',	3,	10,	6),
(755,	'2023-04-20 15:30',	6,	4,	10),
(756,	'2023-05-25 15:24',	1,	2,	33),
(757,	'2022-02-16 18:47',	6,	4,	17),
(758,	'2022-04-29 22:20',	9,	2,	18),
(759,	'2023-12-05 11:54',	1,	6,	49),
(760,	'2024-03-05 14:05',	7,	2,	41),
(761,	'2023-08-21 18:35',	7,	6,	58),
(762,	'2023-08-12 21:24',	4,	5,	18),
(763,	'2022-01-03 04:54',	10,	2,	63),
(764,	'2022-07-21 08:03',	2,	8,	21),
(765,	'2022-08-18 10:19',	4,	7,	20),
(766,	'2023-03-24 19:27',	9,	9,	47),
(767,	'2022-02-07 01:11',	8,	2,	24),
(768,	'2023-01-10 05:40',	8,	7,	7),
(769,	'2023-03-21 09:19',	5,	4,	32),
(770,	'2022-08-27 23:05',	5,	2,	10),
(771,	'2022-12-08 14:50',	4,	3,	1),
(772,	'2022-12-11 01:05',	3,	9,	50),
(773,	'2022-05-10 11:58',	4,	1,	1),
(774,	'2024-01-20 13:02',	6,	7,	39),
(775,	'2022-01-21 07:34',	9,	7,	46),
(776,	'2023-03-05 11:55',	1,	8,	24),
(777,	'2023-05-18 23:03',	4,	7,	7),
(778,	'2023-04-04 12:53',	9,	8,	9),
(779,	'2022-12-07 15:03',	4,	5,	30),
(780,	'2023-10-15 14:40',	6,	6,	10),
(781,	'2022-04-26 06:52',	6,	3,	29),
(782,	'2023-02-06 03:15',	9,	4,	23),
(783,	'2023-05-17 00:21',	7,	3,	15),
(784,	'2022-10-23 03:41',	10,	10,	37),
(785,	'2022-02-21 15:59',	1,	4,	37),
(786,	'2023-08-17 22:34',	1,	6,	29),
(787,	'2023-06-06 20:23',	5,	9,	3),
(788,	'2023-06-15 02:35',	7,	4,	49),
(789,	'2023-09-08 12:23',	4,	7,	25),
(790,	'2023-09-18 16:10',	8,	5,	59),
(791,	'2022-04-01 20:58',	4,	7,	13),
(792,	'2022-04-05 23:32',	8,	2,	24),
(793,	'2023-01-06 04:30',	1,	6,	39),
(794,	'2022-11-21 04:47',	4,	6,	49),
(795,	'2024-02-19 12:46',	4,	3,	21),
(796,	'2023-11-03 03:15',	9,	6,	19),
(797,	'2023-07-17 13:47',	3,	1,	13),
(798,	'2024-01-27 01:27',	2,	5,	44),
(799,	'2022-02-09 05:01',	5,	2,	30),
(800,	'2023-09-20 11:04',	10,	7,	21),
(801,	'2023-05-11 02:37',	9,	6,	64),
(802,	'2022-09-12 14:09',	10,	4,	43),
(803,	'2022-10-26 20:08',	2,	6,	2),
(804,	'2023-04-26 20:25',	7,	9,	21),
(805,	'2022-03-04 10:55',	4,	8,	55),
(806,	'2024-03-08 07:43',	7,	10,	3),
(807,	'2022-08-06 04:08',	2,	2,	35),
(808,	'2022-03-20 21:14',	6,	9,	33),
(809,	'2022-03-09 21:18',	9,	3,	47),
(810,	'2023-11-19 00:41',	4,	7,	6),
(811,	'2023-05-02 16:39',	3,	3,	40),
(812,	'2022-06-29 06:42',	7,	4,	55),
(813,	'2022-01-28 15:09',	9,	8,	3),
(814,	'2022-03-02 05:00',	4,	6,	49),
(815,	'2022-04-17 09:37',	10,	8,	64),
(816,	'2023-05-14 02:46',	6,	5,	28),
(817,	'2023-12-06 00:33',	8,	9,	19),
(818,	'2023-08-30 20:05',	9,	2,	14),
(819,	'2023-02-18 21:58',	2,	10,	12),
(820,	'2022-03-03 20:59',	5,	2,	22),
(821,	'2022-09-29 15:12',	2,	1,	2),
(822,	'2023-12-15 06:40',	6,	9,	43),
(823,	'2023-07-03 08:47',	9,	1,	33),
(824,	'2022-12-11 14:42',	8,	7,	3),
(825,	'2022-06-08 20:42',	10,	9,	3),
(826,	'2023-11-09 23:27',	4,	2,	64),
(827,	'2022-10-08 18:52',	1,	6,	29),
(828,	'2023-07-23 03:38',	8,	9,	63),
(829,	'2022-07-29 09:16',	2,	9,	65),
(830,	'2022-10-11 17:36',	9,	6,	4),
(831,	'2023-06-02 00:09',	8,	5,	56),
(832,	'2024-01-22 00:25',	1,	9,	11),
(833,	'2022-07-25 18:08',	4,	4,	58),
(834,	'2022-06-25 10:31',	4,	2,	55),
(835,	'2023-06-11 16:32',	7,	7,	24),
(836,	'2023-10-02 19:46',	5,	8,	43),
(837,	'2024-02-13 17:48',	9,	1,	24),
(838,	'2023-10-18 21:06',	9,	10,	9),
(839,	'2023-11-09 17:13',	9,	8,	15),
(840,	'2023-10-23 08:16',	4,	1,	15),
(841,	'2023-12-31 18:12',	8,	1,	55),
(842,	'2022-05-10 06:57',	10,	10,	44),
(843,	'2023-05-19 01:27',	2,	4,	16),
(844,	'2022-05-22 03:15',	9,	4,	15),
(845,	'2022-02-28 16:19',	5,	6,	2),
(846,	'2023-06-13 03:42',	2,	6,	32),
(847,	'2023-07-05 21:31',	9,	9,	33),
(848,	'2024-03-26 11:27',	9,	8,	6),
(849,	'2022-08-19 04:00',	6,	6,	2),
(850,	'2023-05-01 21:41',	8,	9,	45),
(851,	'2022-01-24 01:19',	4,	9,	3),
(852,	'2023-08-25 13:31',	1,	6,	30),
(853,	'2023-10-11 13:27',	7,	8,	49),
(854,	'2023-04-28 16:38',	2,	9,	43),
(855,	'2023-10-14 00:43',	6,	6,	64),
(856,	'2022-09-30 17:39',	2,	6,	39),
(857,	'2022-06-13 05:30',	9,	9,	31),
(858,	'2024-01-16 03:55',	3,	4,	2),
(859,	'2022-04-05 11:09',	3,	9,	24),
(860,	'2022-09-25 13:46',	2,	7,	43),
(861,	'2022-09-16 15:11',	1,	7,	21),
(862,	'2023-03-03 15:37',	3,	2,	23),
(863,	'2022-05-03 16:02',	2,	6,	26),
(864,	'2022-08-31 06:32',	9,	6,	28),
(865,	'2022-10-05 10:06',	3,	1,	35),
(866,	'2022-12-16 12:24',	5,	9,	13),
(867,	'2022-07-30 17:51',	2,	10,	35),
(868,	'2023-09-07 03:29',	10,	5,	26),
(869,	'2023-04-17 16:40',	4,	6,	51),
(870,	'2022-07-13 20:37',	6,	7,	59),
(871,	'2023-01-08 13:26',	6,	5,	27),
(872,	'2023-10-09 17:15',	2,	10,	19),
(873,	'2023-04-03 22:05',	7,	9,	21),
(874,	'2022-02-27 09:47',	8,	3,	12),
(875,	'2022-03-03 20:58',	4,	10,	51),
(876,	'2024-01-21 05:29',	8,	3,	54),
(877,	'2023-02-24 01:49',	9,	10,	18),
(878,	'2022-11-25 04:42',	1,	10,	45),
(879,	'2023-05-17 23:03',	4,	6,	53),
(880,	'2022-09-26 05:05',	8,	8,	13),
(881,	'2023-11-01 11:02',	8,	6,	48),
(882,	'2023-11-20 00:35',	9,	7,	29),
(883,	'2022-10-09 09:00',	9,	2,	10),
(884,	'2022-11-01 09:52',	2,	3,	59),
(885,	'2023-06-22 13:49',	5,	8,	19),
(886,	'2022-08-15 12:46',	3,	2,	47),
(887,	'2022-07-10 00:23',	10,	4,	15),
(888,	'2024-01-22 22:51',	6,	2,	15),
(889,	'2023-05-07 07:46',	10,	5,	14),
(890,	'2023-10-26 09:38',	10,	1,	14),
(891,	'2024-01-18 22:56',	10,	9,	16),
(892,	'2023-09-30 03:30',	1,	6,	43),
(893,	'2023-06-29 08:46',	9,	8,	16),
(894,	'2024-02-26 02:36',	8,	1,	55),
(895,	'2022-04-15 02:06',	3,	9,	41),
(896,	'2023-02-24 16:55',	6,	9,	50),
(897,	'2022-07-11 20:37',	5,	7,	40),
(898,	'2022-06-20 04:23',	4,	5,	20),
(899,	'2022-04-27 19:37',	7,	6,	58),
(900,	'2023-06-01 12:37',	7,	3,	33),
(901,	'2023-07-03 20:09',	4,	2,	42),
(902,	'2023-10-22 02:11',	6,	4,	60),
(903,	'2023-04-16 03:55',	3,	5,	43),
(904,	'2023-10-20 01:52',	3,	5,	35),
(905,	'2022-09-26 01:18',	5,	1,	8),
(906,	'2022-11-04 12:32',	2,	9,	8),
(907,	'2024-01-27 06:33',	10,	4,	40),
(908,	'2022-03-23 15:58',	10,	8,	48),
(909,	'2023-04-01 13:13',	4,	2,	52),
(910,	'2022-12-22 18:36',	7,	6,	58),
(911,	'2023-07-12 17:37',	10,	9,	27),
(912,	'2023-02-20 07:56',	9,	5,	30),
(913,	'2022-03-24 02:18',	2,	10,	19),
(914,	'2023-03-27 21:44',	1,	2,	35),
(915,	'2022-06-07 08:17',	4,	7,	33),
(916,	'2022-12-20 15:02',	2,	8,	24),
(917,	'2023-01-16 05:48',	4,	4,	38),
(918,	'2024-01-01 17:57',	7,	3,	11),
(919,	'2022-06-19 13:05',	9,	1,	29),
(920,	'2022-06-25 17:01',	10,	5,	46),
(921,	'2022-01-18 00:02',	2,	7,	65),
(922,	'2023-11-24 06:44',	10,	6,	5),
(923,	'2023-04-10 14:23',	2,	5,	43),
(924,	'2022-03-16 11:06',	2,	3,	54),
(925,	'2023-01-02 17:23',	8,	6,	40),
(926,	'2022-09-20 18:54',	3,	4,	60),
(927,	'2023-07-20 16:18',	6,	8,	20),
(928,	'2022-04-02 16:02',	2,	9,	40),
(929,	'2023-03-25 21:50',	5,	10,	14),
(930,	'2022-08-04 16:34',	9,	7,	30),
(931,	'2022-12-15 18:32',	5,	7,	43),
(932,	'2023-01-23 09:33',	7,	4,	63),
(933,	'2023-08-15 17:29',	3,	8,	63),
(934,	'2023-05-18 04:00',	6,	8,	10),
(935,	'2022-12-19 17:16',	3,	3,	46),
(936,	'2023-07-01 05:13',	4,	4,	24),
(937,	'2024-01-12 09:20',	5,	4,	15),
(938,	'2022-04-10 22:22',	1,	10,	36),
(939,	'2022-01-20 11:14',	9,	5,	60),
(940,	'2022-04-02 19:40',	1,	10,	57),
(941,	'2022-12-01 10:56',	5,	3,	13),
(942,	'2022-03-03 19:47',	6,	3,	54),
(943,	'2022-09-05 00:10',	9,	8,	15),
(944,	'2023-10-23 08:26',	1,	1,	16),
(945,	'2023-12-31 17:00',	9,	3,	42),
(946,	'2023-01-03 08:20',	8,	6,	39),
(947,	'2022-08-20 15:26',	3,	9,	31),
(948,	'2023-12-09 21:52',	8,	10,	48),
(949,	'2023-07-18 06:12',	4,	9,	30),
(950,	'2023-06-04 19:10',	5,	7,	10),
(951,	'2023-06-09 18:51',	1,	7,	63),
(952,	'2024-02-29 22:43',	9,	1,	44),
(953,	'2022-06-22 01:39',	2,	7,	57),
(954,	'2022-11-12 07:27',	4,	2,	3),
(955,	'2023-05-07 21:37',	5,	5,	55),
(956,	'2023-11-25 17:02',	1,	2,	26),
(957,	'2023-07-01 03:41',	1,	2,	44),
(958,	'2023-12-02 06:45',	1,	8,	59),
(959,	'2022-03-26 20:52',	9,	6,	21),
(960,	'2024-01-17 14:11',	3,	6,	56),
(961,	'2023-10-16 09:36',	9,	5,	44),
(962,	'2022-01-21 02:25',	9,	10,	18),
(963,	'2022-12-13 07:20',	8,	9,	59),
(964,	'2024-02-09 23:11',	10,	2,	54),
(965,	'2023-09-17 07:17',	6,	7,	59),
(966,	'2023-01-09 13:27',	6,	6,	14),
(967,	'2022-08-10 17:44',	6,	6,	11),
(968,	'2022-04-28 05:36',	5,	4,	39),
(969,	'2023-11-03 07:02',	4,	6,	54),
(970,	'2022-11-15 11:14',	8,	1,	56),
(971,	'2022-06-16 11:42',	2,	6,	19),
(972,	'2023-10-29 05:36',	5,	4,	35),
(973,	'2023-03-23 02:59',	6,	10,	60),
(974,	'2023-09-29 03:20',	4,	7,	10),
(975,	'2023-11-10 16:01',	1,	2,	29),
(976,	'2024-01-01 02:53',	2,	10,	20),
(977,	'2023-08-05 15:03',	4,	8,	33),
(978,	'2022-09-02 00:06',	6,	6,	53),
(979,	'2023-03-29 07:55',	8,	8,	44),
(980,	'2022-03-13 09:47',	8,	4,	33),
(981,	'2023-01-21 20:46',	4,	5,	26),
(982,	'2023-01-22 04:28',	9,	8,	11),
(983,	'2023-06-04 16:27',	3,	9,	47),
(984,	'2024-01-17 09:13',	10,	3,	11),
(985,	'2022-04-29 05:44',	1,	10,	28),
(986,	'2022-12-27 21:12',	4,	1,	25),
(987,	'2023-05-25 23:04',	4,	8,	28),
(988,	'2024-02-18 11:35',	6,	8,	11),
(989,	'2023-04-24 10:29',	1,	1,	55),
(990,	'2022-04-24 03:21',	4,	8,	30),
(991,	'2022-04-05 05:50',	5,	9,	65),
(992,	'2022-08-13 09:13',	9,	9,	26),
(993,	'2023-02-04 06:54',	8,	9,	61),
(994,	'2022-06-25 06:47',	1,	1,	56),
(995,	'2022-07-10 14:15',	6,	9,	36),
(996,	'2022-08-06 16:38',	2,	9,	50),
(997,	'2022-08-15 02:38',	10,	7,	43),
(998,	'2022-07-06 04:10',	4,	3,	2),
(999,	'2023-01-30 07:13',	2,	9,	9),
(1000,	'2024-02-22 09:05',	3,	2,	48);




-- 1. Verificare che i campi definiti come PK siano univoci. 

-- Verifica inserimento chiave primaria duplicata
insert into product values (1, 2, "Doll", 1);

-- Controllo presenza chiavi primarie duplicate
select
	count(*) DuplicatedPrimaryKeysCount
from
	product
group by
	productid
having
	DuplicatedPrimaryKeysCount > 1;

-- Verifica inserimento chiave primaria duplicata
insert into category values (1,"Puzzles");

-- Controllo presenza chiavi primarie duplicate
select
	count(*) DuplicatedPrimaryKeysCount
from
	category
group by
	categoryid
having
	DuplicatedPrimaryKeysCount > 1;

-- Verifica inserimento chiave primaria duplicata
insert into region values (1,"Middle East");

-- Controllo presenza chiavi primarie duplicate
select
	count(*) DuplicatedPrimaryKeysCount
from
	region
group by
	regionid
having
	DuplicatedPrimaryKeysCount > 1;

-- Verifica inserimento chiave primaria duplicata
insert into sale values (1,"2023-02-02",1,1,1);

-- Controllo presenza chiavi primarie duplicate
select
	count(*) DuplicatedPrimaryKeysCount
from
	sale
group by
	saleid
having
	DuplicatedPrimaryKeysCount > 1;


-- 2. Esporre l’elenco dei soli prodotti venduti e per ognuno di questi il fatturato totale per anno.  

select
	productname Product, year(orderdate) Year, sum(orderquantity * unitprice) TotalAmount
from
	sale join product
using
	(productid)
group by
	productname, year(orderdate);


-- 3. Esporre il fatturato totale per stato per anno. Ordina il risultato per data e per fatturato decrescente.

select
	regionname RegionName, year(orderdate) Year, sum(unitprice*orderquantity) TotalAmount
from
	sale join product
using
	(productid)
join
	region
using
	(regionid)
group by
	regionname, year(orderdate)
order by
	year(orderdate), TotalAmount desc;
    
    
-- 4. Rispondere alla seguente domanda: qual è la categoria di articoli maggiormente richiesta dal mercato? 

select
	categoryname Category, sum(orderquantity * unitprice) TotalAmount
from
	product join sale
using
	(productid)
join
	category
using
	(categoryid)
group by
	categoryname
order by
	TotalAmount desc;


-- 5. Rispondere alla seguente domanda: quali sono, se ci sono, i prodotti invenduti? Proponi due approcci risolutivi differenti. 

-- Con una left join tra Product e Sale con condizione productid di Sale = null si trovano tutti i prodotti che non figurano
-- in nessuna transazione
select
	*
from
	product left join sale s
using
	(productid)
where
	s.productid is null;
    
    
-- Oppure possiamo fare una select dei prodotti con productid non presenti nell'insieme dei productid
-- presi da tutti i Sales

select
	ProductId, ProductName, UnitPrice
from
	product
where
	productid not in (	select
							distinct productid
						from
							sale);

    
-- 6. Esporre l’elenco dei prodotti con la rispettiva ultima data di vendita (la data di vendita più recente).

select
	productname Product, date(max(orderdate)) MostRecentSale
from
	product join sale
using
	(productid)
group by
	productname